日時,精算区分,日本円受渡金額,注文ID,約定ID,建玉ID,銘柄名,注文タイプ,取引区分,売買区分,執行条件,約定数量,約定レート,約定金額,注文手数料,レバレッジ手数料,入出金区分,入出金金額,授受区分,数量,送付手数料,送付先/送付元,トランザクションID,交換元資産,交換元数量,交換先資産,交換先数量
2022/01/10 09:00,日本円入出金,5000000,,,,JPY,,,,,,,,,,入金,5000000,,,,,,,,,
2022/01/12 10:00,販売所取引,-2000000,,FICTIONAL-TRADE-1,,BTC,,,買,,0.5,4000000,2000000,0,,,,,,,,,,,,
2022/02/15 11:00,販売所取引,-600000,,FICTIONAL-TRADE-2,,ETH,,,買,,2,300000,600000,0,,,,,,,,,,,,
2022/05/20 12:00,販売所取引,-900000,,FICTIONAL-TRADE-3,,BTC,,,買,,0.25,3600000,900000,0,,,,,,,,,,,,
2022/06/15 13:00,DEMO_CRYPTO_SWAP,,,FICTIONAL-SWAP-4,,BTC/ETH,,,,,,,,,,,,,,,,,BTC,0.1,ETH,1.5
2022/10/20 10:00,販売所取引,140000,,FICTIONAL-TRADE-5,,ETH,,,売,,0.5,280000,140000,0,,,,,,,,,,,,
2023/01/10 09:00,日本円入出金,3000000,,,,JPY,,,,,,,,,,入金,3000000,,,,,,,,,
2023/02/10 10:00,販売所取引,-700100,,FICTIONAL-TRADE-6,,BTC,,,買,,0.2,3500000,700000,100,,,,,,,,,,,,
2023/03/15 10:00,販売所取引,-750000,,FICTIONAL-TRADE-7,,ETH,,,買,,3,250000,750000,0,,,,,,,,,,,,
2023/05/10 10:00,DEMO_CRYPTO_SWAP,,,FICTIONAL-SWAP-8,,ETH/BTC,,,,,,,,,,,,,,,,,ETH,1,BTC,0.06
2023/09/20 10:00,販売所取引,629900,,FICTIONAL-TRADE-9,,BTC,,,売,,0.15,4200000,630000,100,,,,,,,,,,,,
2023/09/25 09:00,日本円入出金,-500000,,,,JPY,,,,,,,,,,出金,500000,,,,,,,,,
2024/01/15 10:00,暗号資産預入・送付,,,,,BTC,,,,,,,,,,,,預入,0.4,0,FICTIONAL-ORIGIN,FICTIONAL-IN,,,,
2024/04/12 12:00,販売所取引,1200000,,FICTIONAL-TRADE-10,,BTC,,,売,,0.2,6000000,1200000,0,,,,,,,,,,,,
2024/05/10 10:00,販売所取引,500000,,FICTIONAL-TRADE-11,,ETH,,,売,,1,500000,500000,0,,,,,,,,,,,,
2024/06/10 10:00,DEMO_CRYPTO_SWAP,,,FICTIONAL-SWAP-12,,BTC/ETH,,,,,,,,,,,,,,,,,BTC,0.05,ETH,0.8
2025/02/10 10:00,販売所取引,-800000,,FICTIONAL-TRADE-13,,BTC,,,買,,0.1,8000000,800000,0,,,,,,,,,,,,
2025/04/10 10:00,販売所取引,3000000,,FICTIONAL-TRADE-14,,BTC,,,売,,0.3,10000000,3000000,0,,,,,,,,,,,,
2025/05/15 10:00,暗号資産預入・送付,,,,,ETH,,,,,,,,,,,,送付,0.2,0,FICTIONAL-DESTINATION,FICTIONAL-OUT,,,,
2026/02/10 10:00,販売所取引,-200000,,FICTIONAL-TRADE-15,,ETH,,,買,,0.5,400000,200000,0,,,,,,,,,,,,
2026/04/10 10:00,販売所取引,140000,,FICTIONAL-TRADE-16,,ETH,,,売,,0.4,350000,140000,0,,,,,,,,,,,,
2026/05/10 09:00,日本円入出金,-1000000,,,,JPY,,,,,,,,,,出金,1000000,,,,,,,,,
