Trade Date,Settlement Date,Pending/Settled,Account Nickname,Account Registration,Account #,Type,"Description 1 ",Description 2,Symbol/CUSIP #,Quantity,Price ($),Amount ($)
02/15/2022,02/15/2022,Settled,FICTIONAL RSU,FICTIONAL TEST HOLDER,DEMO-MULTI-0001,SecurityTransactions,Transfer / Adjustment,Fictional Cloud Corporation FICTIONAL RSU ACTIVITY GRANT DATE 01/10/2020 LAPSE DATE 02/15/2022 CB 40.00 JN DEMO-2022-60 EX DEMO BATCH FICTIONAL,FICT,60,--,0.00
03/15/2022,03/15/2022,Settled,FICTIONAL RSU,FICTIONAL TEST HOLDER,DEMO-MULTI-0001,DividendAndInterest,Dividend,Fictional Cloud Corporation FICTIONAL CASH DIVIDEND 0.25 USD per share,FICT,--,--,25.00
03/15/2022,03/15/2022,Settled,FICTIONAL RSU,FICTIONAL TEST HOLDER,DEMO-MULTI-0001,Other,Federal Tax Withholding,Fictional Cloud Corporation FICTIONAL Federal Backup Withholding; assumed 24 percent for testing only,FICT,--,--,(6.00)
05/16/2022,05/16/2022,Settled,FICTIONAL RSU,FICTIONAL TEST HOLDER,DEMO-MULTI-0001,SecurityTransactions,Sale,Fictional Cloud Corporation FICTIONAL SALE FORMAT; commission USD 1.00; Amount is NET proceeds; not verified Merrill sale syntax,FICT,(20),50.00,999.00
08/15/2022,08/15/2022,Settled,FICTIONAL RSU,FICTIONAL TEST HOLDER,DEMO-MULTI-0001,SecurityTransactions,Transfer / Adjustment,Fictional Cloud Corporation FICTIONAL RSU ACTIVITY GRANT DATE 01/10/2020 LAPSE DATE 08/15/2022 CB 45.00 JN DEMO-2022-40 EX DEMO BATCH FICTIONAL,FICT,40,--,0.00
09/20/2022,09/20/2022,Settled,FICTIONAL RSU,FICTIONAL TEST HOLDER,DEMO-MULTI-0001,DividendAndInterest,Dividend,Fictional Cloud Corporation FICTIONAL CASH DIVIDEND 0.30 USD per share,FICT,--,--,36.00
09/20/2022,09/20/2022,Settled,FICTIONAL RSU,FICTIONAL TEST HOLDER,DEMO-MULTI-0001,Other,Federal Tax Withholding,Fictional Cloud Corporation FICTIONAL Federal Backup Withholding; assumed 24 percent for testing only,FICT,--,--,(8.64)
02/15/2023,02/15/2023,Settled,FICTIONAL RSU,FICTIONAL TEST HOLDER,DEMO-MULTI-0001,SecurityTransactions,Transfer / Adjustment,Fictional Cloud Corporation FICTIONAL RSU ACTIVITY GRANT DATE 01/10/2021 LAPSE DATE 02/15/2023 CB 50.00 JN DEMO-2023-20 EX DEMO BATCH FICTIONAL,FICT,20,--,0.00
03/15/2023,03/15/2023,Settled,FICTIONAL RSU,FICTIONAL TEST HOLDER,DEMO-MULTI-0001,DividendAndInterest,Dividend,Fictional Cloud Corporation FICTIONAL CASH DIVIDEND 0.25 USD per share,FICT,--,--,35.00
03/15/2023,03/15/2023,Settled,FICTIONAL RSU,FICTIONAL TEST HOLDER,DEMO-MULTI-0001,Other,Federal Tax Withholding,Fictional Cloud Corporation FICTIONAL Federal Backup Withholding; assumed 24 percent for testing only,FICT,--,--,(8.40)
05/15/2023,05/15/2023,Settled,FICTIONAL RSU,FICTIONAL TEST HOLDER,DEMO-MULTI-0001,SecurityTransactions,Sale,Fictional Cloud Corporation FICTIONAL SALE FORMAT; commission USD 2.00; Amount is NET proceeds; not verified Merrill sale syntax,FICT,(110),60.00,6598.00
08/15/2023,08/15/2023,Settled,FICTIONAL RSU,FICTIONAL TEST HOLDER,DEMO-MULTI-0001,SecurityTransactions,Transfer / Adjustment,Fictional Cloud Corporation FICTIONAL RSU ACTIVITY GRANT DATE 01/10/2021 LAPSE DATE 08/15/2023 CB 55.00 JN DEMO-2023-30 EX DEMO BATCH FICTIONAL,FICT,30,--,0.00
09/15/2023,09/15/2023,Settled,FICTIONAL RSU,FICTIONAL TEST HOLDER,DEMO-MULTI-0001,SecurityTransactions,Sale,Fictional Cloud Corporation FICTIONAL SALE FORMAT; commission USD 1.00; Amount is NET proceeds; not verified Merrill sale syntax,FICT,(10),40.00,399.00
09/20/2023,09/20/2023,Settled,FICTIONAL RSU,FICTIONAL TEST HOLDER,DEMO-MULTI-0001,DividendAndInterest,Dividend,Fictional Cloud Corporation FICTIONAL CASH DIVIDEND 0.30 USD per share,FICT,--,--,15.00
09/20/2023,09/20/2023,Settled,FICTIONAL RSU,FICTIONAL TEST HOLDER,DEMO-MULTI-0001,Other,Federal Tax Withholding,Fictional Cloud Corporation FICTIONAL Federal Backup Withholding; assumed 24 percent for testing only,FICT,--,--,(3.60)
02/15/2024,02/15/2024,Settled,FICTIONAL RSU,FICTIONAL TEST HOLDER,DEMO-MULTI-0001,SecurityTransactions,Transfer / Adjustment,Fictional Cloud Corporation FICTIONAL RSU ACTIVITY GRANT DATE 01/10/2022 LAPSE DATE 02/15/2024 CB 60.00 JN DEMO-2024-40 EX DEMO BATCH FICTIONAL,FICT,40,--,0.00
03/15/2024,03/15/2024,Settled,FICTIONAL RSU,FICTIONAL TEST HOLDER,DEMO-MULTI-0001,DividendAndInterest,Dividend,Fictional Cloud Corporation FICTIONAL CASH DIVIDEND 0.25 USD per share,FICT,--,--,22.50
03/15/2024,03/15/2024,Settled,FICTIONAL RSU,FICTIONAL TEST HOLDER,DEMO-MULTI-0001,Other,Federal Tax Withholding,Fictional Cloud Corporation FICTIONAL Federal Backup Withholding; assumed 24 percent for testing only,FICT,--,--,(5.40)
05/15/2024,05/15/2024,Settled,FICTIONAL RSU,FICTIONAL TEST HOLDER,DEMO-MULTI-0001,SecurityTransactions,Sale,Fictional Cloud Corporation FICTIONAL SALE FORMAT; commission USD 1.00; Amount is NET proceeds; not verified Merrill sale syntax,FICT,(20),55.00,1099.00
08/15/2024,08/15/2024,Settled,FICTIONAL RSU,FICTIONAL TEST HOLDER,DEMO-MULTI-0001,SecurityTransactions,Transfer / Adjustment,Fictional Cloud Corporation FICTIONAL RSU ACTIVITY GRANT DATE 01/10/2022 LAPSE DATE 08/15/2024 CB 65.00 JN DEMO-2024-30 EX DEMO BATCH FICTIONAL,FICT,30,--,0.00
09/20/2024,09/20/2024,Settled,FICTIONAL RSU,FICTIONAL TEST HOLDER,DEMO-MULTI-0001,DividendAndInterest,Dividend,Fictional Cloud Corporation FICTIONAL CASH DIVIDEND 0.30 USD per share,FICT,--,--,30.00
09/20/2024,09/20/2024,Settled,FICTIONAL RSU,FICTIONAL TEST HOLDER,DEMO-MULTI-0001,Other,Federal Tax Withholding,Fictional Cloud Corporation FICTIONAL Federal Backup Withholding; assumed 24 percent for testing only,FICT,--,--,(7.20)
02/17/2025,02/17/2025,Settled,FICTIONAL RSU,FICTIONAL TEST HOLDER,DEMO-MULTI-0001,SecurityTransactions,Transfer / Adjustment,Fictional Cloud Corporation FICTIONAL RSU ACTIVITY GRANT DATE 01/10/2023 LAPSE DATE 02/17/2025 CB 70.00 JN DEMO-2025-50 EX DEMO BATCH FICTIONAL,FICT,50,--,0.00
03/17/2025,03/17/2025,Settled,FICTIONAL RSU,FICTIONAL TEST HOLDER,DEMO-MULTI-0001,DividendAndInterest,Dividend,Fictional Cloud Corporation FICTIONAL CASH DIVIDEND 0.25 USD per share,FICT,--,--,37.50
03/17/2025,03/17/2025,Settled,FICTIONAL RSU,FICTIONAL TEST HOLDER,DEMO-MULTI-0001,Other,Federal Tax Withholding,Fictional Cloud Corporation FICTIONAL Federal Backup Withholding; assumed 24 percent for testing only,FICT,--,--,(9.00)
05/15/2025,05/15/2025,Settled,FICTIONAL RSU,FICTIONAL TEST HOLDER,DEMO-MULTI-0001,SecurityTransactions,Sale,Fictional Cloud Corporation FICTIONAL SALE FORMAT; commission USD 1.00; Amount is NET proceeds; not verified Merrill sale syntax,FICT,(30),80.00,2399.00
08/15/2025,08/15/2025,Settled,FICTIONAL RSU,FICTIONAL TEST HOLDER,DEMO-MULTI-0001,SecurityTransactions,Transfer / Adjustment,Fictional Cloud Corporation FICTIONAL RSU ACTIVITY GRANT DATE 01/10/2023 LAPSE DATE 08/15/2025 CB 72.00 JN DEMO-2025-20 EX DEMO BATCH FICTIONAL,FICT,20,--,0.00
09/15/2025,09/15/2025,Settled,FICTIONAL RSU,FICTIONAL TEST HOLDER,DEMO-MULTI-0001,SecurityTransactions,Sale,Fictional Cloud Corporation FICTIONAL SALE FORMAT; commission USD 1.00; Amount is NET proceeds; not verified Merrill sale syntax,FICT,(15),60.00,899.00
09/22/2025,09/22/2025,Settled,FICTIONAL RSU,FICTIONAL TEST HOLDER,DEMO-MULTI-0001,DividendAndInterest,Dividend,Fictional Cloud Corporation FICTIONAL CASH DIVIDEND 0.30 USD per share,FICT,--,--,37.50
09/22/2025,09/22/2025,Settled,FICTIONAL RSU,FICTIONAL TEST HOLDER,DEMO-MULTI-0001,Other,Federal Tax Withholding,Fictional Cloud Corporation FICTIONAL Federal Backup Withholding; assumed 24 percent for testing only,FICT,--,--,(9.00)
02/16/2026,02/16/2026,Settled,FICTIONAL RSU,FICTIONAL TEST HOLDER,DEMO-MULTI-0001,SecurityTransactions,Transfer / Adjustment,Fictional Cloud Corporation FICTIONAL RSU ACTIVITY GRANT DATE 01/10/2024 LAPSE DATE 02/16/2026 CB 75.00 JN DEMO-2026-25 EX DEMO BATCH FICTIONAL,FICT,25,--,0.00
03/16/2026,03/16/2026,Settled,FICTIONAL RSU,FICTIONAL TEST HOLDER,DEMO-MULTI-0001,DividendAndInterest,Dividend,Fictional Cloud Corporation FICTIONAL CASH DIVIDEND 0.25 USD per share,FICT,--,--,37.50
03/16/2026,03/16/2026,Settled,FICTIONAL RSU,FICTIONAL TEST HOLDER,DEMO-MULTI-0001,Other,Federal Tax Withholding,Fictional Cloud Corporation FICTIONAL Federal Backup Withholding; assumed 24 percent for testing only,FICT,--,--,(9.00)
05/15/2026,05/15/2026,Settled,FICTIONAL RSU,FICTIONAL TEST HOLDER,DEMO-MULTI-0001,SecurityTransactions,Sale,Fictional Cloud Corporation FICTIONAL SALE FORMAT; commission USD 1.00; Amount is NET proceeds; not verified Merrill sale syntax,FICT,(10),90.00,899.00
08/17/2026,08/17/2026,Settled,FICTIONAL RSU,FICTIONAL TEST HOLDER,DEMO-MULTI-0001,SecurityTransactions,Transfer / Adjustment,Fictional Cloud Corporation FICTIONAL RSU ACTIVITY GRANT DATE 01/10/2024 LAPSE DATE 08/17/2026 CB 82.00 JN DEMO-2026-35 EX DEMO BATCH FICTIONAL,FICT,35,--,0.00
09/21/2026,09/21/2026,Settled,FICTIONAL RSU,FICTIONAL TEST HOLDER,DEMO-MULTI-0001,DividendAndInterest,Dividend,Fictional Cloud Corporation FICTIONAL CASH DIVIDEND 0.30 USD per share,FICT,--,--,52.50
09/21/2026,09/21/2026,Settled,FICTIONAL RSU,FICTIONAL TEST HOLDER,DEMO-MULTI-0001,Other,Federal Tax Withholding,Fictional Cloud Corporation FICTIONAL Federal Backup Withholding; assumed 24 percent for testing only,FICT,--,--,(12.60)
