observation_date,DEXJPUS
2021-12-31,125.00
2022-01-03,125.00
2022-02-15,125.00
2022-03-15,125.00
2022-05-16,125.00
2022-08-15,125.00
2022-09-20,125.00
2022-12-30,125.00
2023-02-15,135.00
2023-03-15,135.00
2023-05-15,135.00
2023-08-15,135.00
2023-09-15,135.00
2023-09-20,135.00
2023-12-29,135.00
2024-02-15,145.00
2024-03-15,145.00
2024-05-15,145.00
2024-08-15,145.00
2024-09-20,145.00
2024-12-31,145.00
2025-02-17,150.00
2025-03-17,150.00
2025-05-15,150.00
2025-08-15,150.00
2025-09-15,150.00
2025-09-22,150.00
2025-12-31,150.00
2026-02-16,148.00
2026-03-16,148.00
2026-05-15,148.00
2026-08-17,148.00
2026-09-21,148.00
2026-09-25,148.00
