Date,Open,High,Low,Close
2021-12-31,40.00,40.00,40.00,40.00
2022-02-15,40.00,40.00,40.00,40.00
2022-05-16,50.00,50.00,50.00,50.00
2022-08-15,45.00,45.00,45.00,45.00
2022-12-30,48.00,48.00,48.00,48.00
2023-02-15,50.00,50.00,50.00,50.00
2023-05-15,60.00,60.00,60.00,60.00
2023-08-15,55.00,55.00,55.00,55.00
2023-09-15,40.00,40.00,40.00,40.00
2023-12-29,52.00,52.00,52.00,52.00
2024-02-15,60.00,60.00,60.00,60.00
2024-05-15,55.00,55.00,55.00,55.00
2024-08-15,65.00,65.00,65.00,65.00
2024-12-31,68.00,68.00,68.00,68.00
2025-02-17,70.00,70.00,70.00,70.00
2025-05-15,80.00,80.00,80.00,80.00
2025-08-15,72.00,72.00,72.00,72.00
2025-09-15,60.00,60.00,60.00,60.00
2025-12-31,74.00,74.00,74.00,74.00
2026-02-16,75.00,75.00,75.00,75.00
2026-05-15,90.00,90.00,90.00,90.00
2026-08-17,82.00,82.00,82.00,82.00
2026-09-25,84.00,84.00,84.00,84.00
